{"type":"LSTMTimeStep","options":{"inputSize":2,"hiddenLayers":[3,5,7,2],"outputSize":2,"decayRate":0.999,"smoothEps":1e-8,"regc":0.000001,"clipval":5},"hiddenLayers":[{"inputMatrix":{"rows":3,"columns":2,"weights":{"0":0.21603955328464508,"1":0.13130442798137665,"2":-0.14704011380672455,"3":-0.08808183670043945,"4":-0.15058736503124237,"5":-0.03076709434390068}},"inputHidden":{"rows":3,"columns":3,"weights":{"0":0.09539776295423508,"1":-0.04238056018948555,"2":0.009576245211064816,"3":0.033888474106788635,"4":0.01577112264931202,"5":0.007812627591192722,"6":-0.05779903009533882,"7":0.06697099655866623,"8":0.12619322538375854}},"inputBias":{"rows":3,"columns":1,"weights":{"0":-0.07975220680236816,"1":-0.03324190527200699,"2":-0.1344679892063141}},"forgetMatrix":{"rows":3,"columns":2,"weights":{"0":0.07631862908601761,"1":-0.016856350004673004,"2":0.03663879632949829,"3":-0.03454723209142685,"4":-0.034399233758449554,"5":-0.12821777164936066}},"forgetHidden":{"rows":3,"columns":3,"weights":{"0":-0.02881876565515995,"1":-0.034434445202350616,"2":0.04265274107456207,"3":-0.06330092251300812,"4":-0.07046430557966232,"5":-0.05987049266695976,"6":-0.0496874637901783,"7":0.006907232105731964,"8":0.058244816958904266}},"forgetBias":{"rows":3,"columns":1,"weights":{"0":0,"1":0,"2":0}},"outputMatrix":{"rows":3,"columns":2,"weights":{"0":0.15368525683879852,"1":0.14953970909118652,"2":-0.07072180509567261,"3":-0.04435351490974426,"4":-0.05729149654507637,"5":-0.13205917179584503}},"outputHidden":{"rows":3,"columns":3,"weights":{"0":0.08515937626361847,"1":0.018742701038718224,"2":-0.00555328419432044,"3":-0.07017629593610764,"4":-0.037919141352176666,"5":0.03695853799581528,"6":0.02727263607084751,"7":0.03339909389615059,"8":0.08542792499065399}},"outputBias":{"rows":3,"columns":1,"weights":{"0":-0.07745501399040222,"1":-0.03205312043428421,"2":-0.13847720623016357}},"cellActivationMatrix":{"rows":3,"columns":2,"weights":{"0":-0.28831470012664795,"1":-0.35369518399238586,"2":0.08104874193668365,"3":-0.17613881826400757,"4":-0.06620249897241592,"5":-0.3812066912651062}},"cellActivationHidden":{"rows":3,"columns":3,"weights":{"0":0.0799594521522522,"1":0.03235435485839844,"2":0.15774396061897278,"3":0.061884403228759766,"4":-0.06580814719200134,"5":-0.028085261583328247,"6":0.05204206332564354,"7":-0.1301608830690384,"8":-0.1432601660490036}},"cellActivationBias":{"rows":3,"columns":1,"weights":{"0":-0.1337011158466339,"1":0.10865098237991333,"2":0.21068409085273743}}},{"inputMatrix":{"rows":5,"columns":3,"weights":{"0":-0.11601022630929947,"1":0.08879982680082321,"2":0.09022074192762375,"3":-0.06824356317520142,"4":0.07394155114889145,"5":0.06863272190093994,"6":-0.06700015813112259,"7":0.047648899257183075,"8":0.0517258495092392,"9":-0.23258469998836517,"10":0.07851837575435638,"11":-0.03909832984209061,"12":0.07879555225372314,"13":0.06097470968961716,"14":0.10945311933755875}},"inputHidden":{"rows":5,"columns":5,"weights":{"0":0.3490676283836365,"1":-0.1443709284067154,"2":0.11934215575456619,"3":-0.43134376406669617,"4":-0.09237948805093765,"5":0.2121557742357254,"6":-0.0993310958147049,"7":0.0862930566072464,"8":-0.21360307931900024,"9":-0.019261043518781662,"10":0.011846782639622688,"11":-0.03267863392829895,"12":-0.008881106972694397,"13":0.06921342015266418,"14":-0.06584034860134125,"15":0.5538895726203918,"16":-0.45751798152923584,"17":0.03921952471137047,"18":-0.6170933842658997,"19":-0.01888265833258629,"20":-0.08906958252191544,"21":0.021309560164809227,"22":-0.018317673355340958,"23":0.13306529819965363,"24":-0.012732279486954212}},"inputBias":{"rows":5,"columns":1,"weights":{"0":-0.21547344326972961,"1":-0.22311712801456451,"2":-0.026350218802690506,"3":-0.1887318342924118,"4":-0.0429663360118866}},"forgetMatrix":{"rows":5,"columns":3,"weights":{"0":-0.07555048167705536,"1":0.009448527358472347,"2":-0.017700133845210075,"3":-0.054414086043834686,"4":-0.04535364359617233,"5":0.05646891891956329,"6":0.0477285236120224,"7":-0.05444473400712013,"8":0.011989884078502655,"9":-0.11289852857589722,"10":0.0814913958311081,"11":0.03888325020670891,"12":0.029272275045514107,"13":-0.04990463703870773,"14":0.045234259217977524}},"forgetHidden":{"rows":5,"columns":5,"weights":{"0":0.05112987011671066,"1":-0.034612610936164856,"2":0.10955190658569336,"3":-0.20396772027015686,"4":-0.04115470498800278,"5":-0.019899340346455574,"6":0.08151917904615402,"7":0.01572948507964611,"8":0.01782519556581974,"9":0.019612189382314682,"10":0.0334709994494915,"11":0.002116135321557522,"12":-0.051228754222393036,"13":0.009020987898111343,"14":-0.04108672961592674,"15":0.1821100115776062,"16":-0.21333372592926025,"17":0.08308961987495422,"18":-0.33465883135795593,"19":-0.05866215005517006,"20":0.05907052010297775,"21":-0.027954570949077606,"22":-0.022356903180480003,"23":0.045585524290800095,"24":-0.045976705849170685}},"forgetBias":{"rows":5,"columns":1,"weights":{"0":0,"1":0,"2":0,"3":0,"4":0}},"outputMatrix":{"rows":5,"columns":3,"weights":{"0":-0.1029762327671051,"1":0.07732205837965012,"2":0.0720290094614029,"3":-0.13064000010490417,"4":0.04302992299199104,"5":0.025029173120856285,"6":-0.050530511885881424,"7":0.07695917785167694,"8":0.03266403451561928,"9":-0.18654724955558777,"10":0.006344675552099943,"11":0.02073720097541809,"12":-0.04640023037791252,"13":-0.008560632355511189,"14":-0.0006268119905143976}},"outputHidden":{"rows":5,"columns":5,"weights":{"0":0.44435641169548035,"1":-0.18115311861038208,"2":-0.00661642337217927,"3":-0.5424136519432068,"4":-0.15003128349781036,"5":0.24009616672992706,"6":-0.15644121170043945,"7":0.11183466017246246,"8":-0.24401362240314484,"9":-0.16195738315582275,"10":0.0066175153478980064,"11":0.03331681713461876,"12":0.03763299062848091,"13":0.027422098442912102,"14":0.04147592931985855,"15":0.5825561881065369,"16":-0.4434714913368225,"17":-0.004997696727514267,"18":-0.7415086627006531,"19":0.05806906893849373,"20":-0.0525142103433609,"21":0.1244128867983818,"22":0.0585026741027832,"23":0.01803266443312168,"24":0.0028607980348169804}},"outputBias":{"rows":5,"columns":1,"weights":{"0":-0.21778066456317902,"1":-0.223533496260643,"2":-0.026442307978868484,"3":-0.18895623087882996,"4":-0.042529720813035965}},"cellActivationMatrix":{"rows":5,"columns":3,"weights":{"0":-0.47148439288139343,"1":-0.04769715294241905,"2":-0.2608325779438019,"3":0.3064328134059906,"4":0.11711074411869049,"5":0.2040976732969284,"6":0.09178037196397781,"7":-0.08577237278223038,"8":0.08119101077318192,"9":0.36255884170532227,"10":0.021768083795905113,"11":0.09877819567918777,"12":-0.232913076877594,"13":-0.058299869298934937,"14":-0.010911251418292522}},"cellActivationHidden":{"rows":5,"columns":5,"weights":{"0":0.7857949137687683,"1":-0.6296975612640381,"2":0.032880377024412155,"3":-1.0047404766082764,"4":0.035521671175956726,"5":-0.7978565096855164,"6":0.5676484704017639,"7":0.022455617785453796,"8":0.9904413819313049,"9":0.06671877205371857,"10":-0.22107382118701935,"11":0.068562813103199,"12":-0.04882531985640526,"13":0.4126022160053253,"14":0.12876377999782562,"15":-0.9939966797828674,"16":0.6811875104904175,"17":0.027735600247979164,"18":1.0524052381515503,"19":-0.14326904714107513,"20":-0.012399928644299507,"21":0.11827708780765533,"22":0.10877213627099991,"23":-0.08564632385969162,"24":-0.18608273565769196}},"cellActivationBias":{"rows":5,"columns":1,"weights":{"0":0.14285500347614288,"1":0.0691608339548111,"2":0.14368081092834473,"3":-0.3535824120044708,"4":-0.12240976095199585}}},{"inputMatrix":{"rows":7,"columns":5,"weights":{"0":0.15544500946998596,"1":-0.1557130068540573,"2":-0.22480274736881256,"3":-0.180621936917305,"4":0.11010425537824631,"5":-0.3720552921295166,"6":0.2161775827407837,"7":-0.07013009488582611,"8":0.5473273992538452,"9":0.05393674969673157,"10":0.11757449060678482,"11":-0.07972615212202072,"12":-0.07608133554458618,"13":-0.13465029001235962,"14":0.16617116332054138,"15":0.45472750067710876,"16":-0.2915239632129669,