{"type":"LSTMTimeStep","options":{"inputSize":2,"hiddenLayers":[3,5,7,2],"outputSize":2,"decayRate":0.999,"smoothEps":1e-8,"regc":0.000001,"clipval":5},"hiddenLayers":[{"inputMatrix":{"rows":3,"columns":2,"weights":{"0":0.11693041771650314,"1":-0.0004389904788695276,"2":1.5616402626037598,"3":1.6343334913253784,"4":1.1152992248535156,"5":0.9827356934547424}},"inputHidden":{"rows":3,"columns":3,"weights":{"0":0.0292058065533638,"1":-0.07816795259714127,"2":0.0598975233733654,"3":-0.0631142258644104,"4":-0.3366353213787079,"5":0.5597634315490723,"6":0.1601785272359848,"7":-0.4766581952571869,"8":0.5742250680923462}},"inputBias":{"rows":3,"columns":1,"weights":{"0":-0.15308420360088348,"1":-0.05158141255378723,"2":-1.1473084688186646}},"forgetMatrix":{"rows":3,"columns":2,"weights":{"0":0.01350719016045332,"1":0.000995598267763853,"2":0.6505563855171204,"3":0.5705023407936096,"4":0.44911760091781616,"5":0.7250469923019409}},"forgetHidden":{"rows":3,"columns":3,"weights":{"0":0.07040167599916458,"1":-0.07037276774644852,"2":-0.021776311099529266,"3":-0.26949387788772583,"4":0.4251575171947479,"5":0.9952293634414673,"6":-0.014850097708404064,"7":1.0537493228912354,"8":-1.158130168914795}},"forgetBias":{"rows":3,"columns":1,"weights":{"0":0,"1":0,"2":0}},"outputMatrix":{"rows":3,"columns":2,"weights":{"0":0.09346665441989899,"1":0.11701232939958572,"2":1.7642732858657837,"3":1.65782630443573,"4":1.5696810483932495,"5":1.5468697547912598}},"outputHidden":{"rows":3,"columns":3,"weights":{"0":0.06349307298660278,"1":-0.13902397453784943,"2":-0.05408574268221855,"3":-0.15756234526634216,"4":-0.21059907972812653,"5":0.8148720860481262,"6":0.22199498116970062,"7":0.22549915313720703,"8":-0.5386934876441956}},"outputBias":{"rows":3,"columns":1,"weights":{"0":-0.14906159043312073,"1":-0.06593696027994156,"2":-0.8050794005393982}},"cellActivationMatrix":{"rows":3,"columns":2,"weights":{"0":0.7704823017120361,"1":0.13729791343212128,"2":-1.8330169916152954,"3":1.0667800903320312,"4":-1.189962387084961,"5":0.09484414011240005}},"cellActivationHidden":{"rows":3,"columns":3,"weights":{"0":-0.08300521224737167,"1":-0.6505334377288818,"2":0.014906192198395729,"3":-0.040713727474212646,"4":-0.028079142794013023,"5":-0.8556944131851196,"6":-0.45757943391799927,"7":1.5484479665756226,"8":1.1238093376159668}},"cellActivationBias":{"rows":3,"columns":1,"weights":{"0":-0.4521822929382324,"1":0.22712336480617523,"2":0.5927630662918091}}},{"inputMatrix":{"rows":5,"columns":3,"weights":{"0":0.14817696809768677,"1":-1.2225279808044434,"2":-0.7143034338951111,"3":0.1626470535993576,"4":-1.5368962287902832,"5":-0.9202108383178711,"6":0.1457897573709488,"7":-1.1614149808883667,"8":0.08370225876569748,"9":0.12826982140541077,"10":-0.613787055015564,"11":-0.3940451145172119,"12":0.2877608835697174,"13":-1.334506869316101,"14":-0.833014190196991}},"inputHidden":{"rows":5,"columns":5,"weights":{"0":0.4382100999355316,"1":-0.5381022095680237,"2":-0.016414185985922813,"3":-0.06339249759912491,"4":0.45368409156799316,"5":0.5223273038864136,"6":-0.5304747223854065,"7":0.1073308065533638,"8":-0.034421034157276154,"9":0.6356711387634277,"10":0.8361330628395081,"11":-0.6529732346534729,"12":-0.029164595529437065,"13":0.15500585734844208,"14":0.7152924537658691,"15":0.4889940321445465,"16":-0.296576589345932,"17":0.20550855994224548,"18":-0.04921074956655502,"19":0.3798048496246338,"20":0.4777996242046356,"21":-0.6882641911506653,"22":0.13898637890815735,"23":-0.11765655130147934,"24":0.6789996027946472}},"inputBias":{"rows":5,"columns":1,"weights":{"0":0.04861953482031822,"1":0.11478886008262634,"2":-0.10203052312135696,"3":0.013119049370288849,"4":0.15448525547981262}},"forgetMatrix":{"rows":5,"columns":3,"weights":{"0":-0.0008257034351117909,"1":-0.44863441586494446,"2":0.38790106773376465,"3":-0.020467445254325867,"4":-0.4078312814235687,"5":0.5829044580459595,"6":-0.01992141641676426,"7":0.039823587983846664,"8":0.2646319270133972,"9":-0.03989297151565552,"10":0.08368786424398422,"11":-0.09632384032011032,"12":-0.12140507251024246,"13":-0.31472572684288025,"14":0.5512227416038513}},"forgetHidden":{"rows":5,"columns":5,"weights":{"0":-0.0011470936005935073,"1":0.1864379346370697,"2":-0.30365055799484253,"3":0.3085373640060425,"4":-0.1953258216381073,"5":-0.34321096539497375,"6":0.4132589101791382,"7":-0.7910515069961548,"8":0.4407328963279724,"9":-0.18688781559467316,"10":-0.011664497666060925,"11":0.10664859414100647,"12":0.07384690642356873,"13":-0.044074896723032,"14":-0.1253974288702011,"15":0.024517908692359924,"16":0.05556383356451988,"17":0.1895422339439392,"18":-0.031844500452280045,"19":-0.07347506284713745,"20":-0.35653525590896606,"21":0.2487122118473053,"22":-0.65317702293396,"23":0.43704110383987427,"24":-0.19386877119541168}},"forgetBias":{"rows":5,"columns":1,"weights":{"0":0,"1":0,"2":0,"3":0,"4":0}},"outputMatrix":{"rows":5,"columns":3,"weights":{"0":0.3269656002521515,"1":-1.6783912181854248,"2":-0.5333999395370483,"3":0.29776573181152344,"4":-1.9697591066360474,"5":-0.8552623391151428,"6":0.3431619703769684,"7":-1.2870712280273438,"8":0.26082563400268555,"9":0.2197653353214264,"10":-0.667711615562439,"11":-0.4024409055709839,"12":0.32809212803840637,"13":-1.6880568265914917,"14":-0.6480357050895691}},"outputHidden":{"rows":5,"columns":5,"weights":{"0":0.508787989616394,"1":-0.4377441704273224,"2":-0.14055830240249634,"3":0.1072019413113594,"4":0.4981372654438019,"5":0.32362765073776245,"6":-0.6171730160713196,"7":-0.26732051372528076,"8":0.23081859946250916,"9":0.6139811873435974,"10":1.0483286380767822,"11":-0.582374095916748,"12":0.012842650525271893,"13":-0.0256013423204422,"14":0.5087714791297913,"15":0.5879780054092407,"16":-0.22522839903831482,"17":0.3659135699272156,"18":-0.1816302239894867,"19":0.24315404891967773,"20":0.5614880323410034,"21":-0.6661398410797119,"22":-0.17967639863491058,"23":0.1699564903974533,"24":0.6251740455627441}},"outputBias":{"rows":5,"columns":1,"weights":{"0":0.045397426933050156,"1":0.10921268165111542,"2":-0.10286043584346771,"3":0.013094790279865265,"4":0.15240103006362915}},"cellActivationMatrix":{"rows":5,"columns":3,"weights":{"0":0.20519208908081055,"1":-1.7185590267181396,"2":-0.7035990953445435,"3":0.03273198753595352,"4":1.6432870626449585,"5":0.18881003558635712,"6":0.25959891080856323,"7":-1.1477428674697876,"8":-1.6435394287109375,"9":-0.1792980432510376,"10":0.37827131152153015,"11":1.250381588935852,"12":0.03243199735879898,"13":-1.6510835886001587,"14":-0.241231769323349}},"cellActivationHidden":{"rows":5,"columns":5,"weights":{"0":-0.5745934844017029,"1":0.7701845169067383,"2":-1.023880124092102,"3":0.5413249135017395,"4":-0.6788057684898376,"5":0.8957111239433289,"6":-0.9486989378929138,"7":1.6935698986053467,"8":-1.0351427793502808,"9":0.731927216053009,"10":0.47505342960357666,"11":-0.32360586524009705,"12":0.7578123211860657,"13":-0.4460105001926422,"14":0.4145163297653198,"15":-0.5597994923591614,"16":0.5744621157646179,"17":-0.7167706489562988,"18":0.20032018423080444,"19":-0.5338093638420105,"20":-0.9122597575187683,"21":0.9286724328994751,"22":-1.6110782623291016,"23":1.084526777267456,"24":-0.7701573967933655}},"cellActivationBias":{"rows":5,"columns":1,"weights":{"0":0.7245593667030334,"1":-0.8412497043609619,"2":-0.010372290387749672,"3":0.33659517765045166,"4":0.8503021001815796}}},{"inputMatrix":{"rows":7,"columns":5,"weights":{"0":0.5176562666893005,"1":-0.6662684082984924,"2":0.5332251191139221,"3":-0.06920014321804047,"4":0.6785768866539001,"5":0.5956892371177673,"6":-0.6769022941589355,"7":0.5618007779121399,"8":-0.0073234448209404945,"9":0.6533802151679993,"10":0.596522867679596,"11":-0.6927663087844849,"12":0.48620447516441345,"13":-0.06125956028699875,"14":0.6770843863487244,"15":0.5684730410575867,"16":-0.7414906024932861,"17":0.5315011143684387,"18":-0.13113586604595184,"19":0.5782821774482727,"20":0.5116043090820312,"21":-0.6709933876991272,"22":0.398440420627594,"23":0.0615699328482151,